{
  "csvFieldMapping": {
    "Dealer ID": "dealer_id",
    "DealerId": "dealer_id",
    "VIN": "vin",
    "Make": "make",
    "Model": "model",
    "Year": "year",
    "Trim": "trim",
    "Series": "series",
    "Body Style": "body_style",
    "Body": "body_style",
    "Color": "color",
    "Interior Color": "interior_color",
    "Mileage": "mileage",
    "Odometer": "odometer",
    "Price": "price",
    "MSRP": "msrp",
    "Description": "description",
    "Features": "features",
    "Images": "images",
    "Status": "status",
    "QR Code": "qr_code_url",
    "Stock Number": "stock_number",
    "Stock #": "stock_number",
    "Certified": "certified",
    "Engine Type": "engine_type",
    "Engine": "engine_type",
    "Displacement": "displacement",
    "Disp": "displacement",
    "Transmission": "transmission",
    "Fuel Type": "fuel_type",
    "Drivetrain": "drivetrain",
    "Doors": "doors",
    "Seats": "seats",
    "Exterior Length": "exterior_length",
    "Exterior Width": "exterior_width",
    "Exterior Height": "exterior_height",
    "Wheelbase": "wheelbase",
    "Ground Clearance": "ground_clearance",
    "Cargo Volume": "cargo_volume",
    "Towing Capacity": "towing_capacity",
    "Gross Vehicle Weight": "gross_vehicle_weight",
    "Curb Weight": "curb_weight",
    "Fuel Capacity": "fuel_capacity",
    "City MPG": "city_mpg",
    "Highway MPG": "highway_mpg",
    "Combined MPG": "combined_mpg",
    "Horsepower": "horsepower",
    "Torque": "torque",
    "Cylinders": "cylinders",
    "Valves": "valves",
    "Compression Ratio": "compression_ratio",
    "Redline RPM": "redline_rpm",
    "Tire Size": "tire_size",
    "Wheel Size": "wheel_size",
    "Safety Rating": "safety_rating",
    "Warranty": "warranty",
    "Maintenance Schedule": "maintenance_schedule",
    "Recall Info": "recall_info",
    "Vehicle History": "vehicle_history",
    "Accident History": "accident_history",
    "Service History": "service_history",
    "Ownership History": "ownership_history",
    "Title Status": "title_status",
    "Title Brand": "title_brand",
    "Lien Holder": "lien_holder",
    "Registration State": "registration_state",
    "Registration Expiry": "registration_expiry",
    "Emissions Test": "emissions_test",
    "Emissions Expiry": "emissions_expiry",
    "Inspection Status": "inspection_status",
    "Inspection Expiry": "inspection_expiry",
    "Insurance Status": "insurance_status",
    "Insurance Expiry": "insurance_expiry",
    "Lease Terms": "lease_terms",
    "Lease Payment": "lease_payment",
    "Lease Residual": "lease_residual",
    "Finance Terms": "finance_terms",
    "Finance Payment": "finance_payment",
    "Finance Rate": "finance_rate",
    "Down Payment": "down_payment",
    "Monthly Payment": "monthly_payment",
    "Total Cost": "total_cost",
    "Discount Amount": "discount_amount",
    "Rebate Amount": "rebate_amount",
    "Trade-in Value": "trade_in_value",
    "Tax Amount": "tax_amount",
    "Fees Amount": "fees_amount",
    "Other Price": "other_price",
    "Dealer Discount": "dealer_discount",
    "Consumer Rebate": "consumer_rebate",
    "Dealer Accessories": "dealer_accessories",
    "Total Customer Savings": "total_customer_savings",
    "Total Dealer Rebate": "total_dealer_rebate",
    "Photo URL List": "photo_url_list",
    "Reference Dealer ID": "reference_dealer_id"
  },
  "fieldTypes": {
    "dealer_id": "uuid",
    "vin": "string",
    "make": "string",
    "model": "string",
    "year": "integer",
    "trim": "string",
    "series": "string",
    "body_style": "string",
    "color": "string",
    "interior_color": "string",
    "mileage": "decimal",
    "odometer": "integer",
    "price": "decimal",
    "msrp": "decimal",
    "description": "string",
    "features": "string",
    "images": "string",
    "status": "string",
    "qr_code_url": "string",
    "stock_number": "string",
    "certified": "boolean",
    "engine_type": "string",
    "displacement": "string",
    "transmission": "string",
    "fuel_type": "string",
    "drivetrain": "string",
    "doors": "integer",
    "seats": "integer",
    "exterior_length": "decimal",
    "exterior_width": "decimal",
    "exterior_height": "decimal",
    "wheelbase": "decimal",
    "ground_clearance": "decimal",
    "cargo_volume": "decimal",
    "towing_capacity": "decimal",
    "gross_vehicle_weight": "decimal",
    "curb_weight": "decimal",
    "fuel_capacity": "decimal",
    "city_mpg": "integer",
    "highway_mpg": "integer",
    "combined_mpg": "integer",
    "horsepower": "integer",
    "torque": "integer",
    "cylinders": "integer",
    "valves": "integer",
    "compression_ratio": "decimal",
    "redline_rpm": "integer",
    "tire_size": "string",
    "wheel_size": "string",
    "safety_rating": "string",
    "warranty": "string",
    "maintenance_schedule": "string",
    "recall_info": "string",
    "vehicle_history": "string",
    "accident_history": "string",
    "service_history": "string",
    "ownership_history": "string",
    "title_status": "string",
    "title_brand": "string",
    "lien_holder": "string",
    "registration_state": "string",
    "registration_expiry": "date",
    "emissions_test": "string",
    "emissions_expiry": "date",
    "inspection_status": "string",
    "inspection_expiry": "date",
    "insurance_status": "string",
    "insurance_expiry": "date",
    "lease_terms": "string",
    "lease_payment": "decimal",
    "lease_residual": "decimal",
    "finance_terms": "string",
    "finance_payment": "decimal",
    "finance_rate": "decimal",
    "down_payment": "decimal",
    "monthly_payment": "decimal",
    "total_cost": "decimal",
    "discount_amount": "decimal",
    "rebate_amount": "decimal",
    "trade_in_value": "decimal",
    "tax_amount": "decimal",
    "fees_amount": "decimal",
    "other_price": "decimal",
    "dealer_discount": "decimal",
    "consumer_rebate": "decimal",
    "dealer_accessories": "decimal",
    "total_customer_savings": "decimal",
    "total_dealer_rebate": "decimal",
    "photo_url_list": "string",
    "reference_dealer_id": "string"
  },
  "requiredFields": [
    "dealer_id",
    "vin",
    "make",
    "model",
    "year"
  ],
  "transformations": {
    "dealer_id": {
      "type": "uuid",
      "validate": true
    },
    "mileage": {
      "type": "decimal",
      "removeCommas": true
    },
    "price": {
      "type": "decimal",
      "removeCommas": true,
      "removeDollarSign": true
    },
    "msrp": {
      "type": "decimal",
      "removeCommas": true,
      "removeDollarSign": true
    },
    "year": {
      "type": "integer",
      "min": 1900,
      "max": 2030
    },
    "features": {
      "type": "array",
      "delimiter": ","
    },
    "images": {
      "type": "array",
      "delimiter": ","
    },
    "certified": {
      "type": "boolean",
      "trueValues": ["yes", "true", "1", "certified"],
      "falseValues": ["no", "false", "0", "not certified"]
    }
  },
  "validationRules": {
    "dealer_id": {
      "required": true,
      "type": "uuid"
    },
    "vin": {
      "required": true,
      "minLength": 17,
      "maxLength": 17
    },
    "make": {
      "required": true,
      "minLength": 1
    },
    "model": {
      "required": true,
      "minLength": 1
    },
    "year": {
      "required": true,
      "min": 1900,
      "max": 2030
    },
    "mileage": {
      "min": 0,
      "max": 999999
    },
    "price": {
      "min": 0
    },
    "msrp": {
      "min": 0
    }
  }
} 